{"RuleTriggered": 0, "Violations": 0, "Details": {"pin_memory": false, "num_workers": 0, "cores": 4, "dataloaders": 1, "dataloading_time": {"p25": 0.30957674999999996, "p50": 0.399203, "p95": 0.8168455999999995, "probs": [1, 0, 0, 0, 0, 2, 0, 1, 0, 0, 0, 0, 1, 0, 0, 0, 0, 0, 0, 0, 0, 0, 0, 1, 0, 0, 0, 0, 0, 0, 0, 0, 0, 2, 0, 0, 0, 0, 1, 0, 0, 0, 0, 0, 0, 0, 0, 0, 0, 0, 0, 0, 0, 0, 0, 0, 0, 0, 0, 0, 0, 0, 0, 0, 0, 0, 0, 0, 0, 0, 0, 0, 0, 0, 0, 0, 0, 0, 0, 0, 0, 0, 0, 0, 0, 0, 0, 0, 0, 0, 0, 0, 0, 0, 0, 0, 0, 0, 0, 1], "binedges": [0.261937, 0.26961374, 0.27729047999999995, 0.28496721999999997, 0.29264396, 0.3003207, 0.30799743999999996, 0.31567417999999997, 0.32335092, 0.33102765999999995, 0.33870439999999996, 0.34638114, 0.35405788, 0.36173462, 0.36941135999999997, 0.3770881, 0.38476484, 0.39244157999999996, 0.40011831999999997, 0.40779506, 0.41547179999999995, 0.42314854, 0.43082528, 0.43850202, 0.44617876, 0.45385549999999997, 0.46153224, 0.46920898, 0.47688571999999996, 0.48456246000000003, 0.4922392, 0.49991594, 0.50759268, 0.51526942, 0.52294616, 0.5306229, 0.53829964, 0.5459763799999999, 0.55365312, 0.5613298600000001, 0.5690066, 0.57668334, 0.58436008, 0.59203682, 0.59971356, 0.6073903, 0.61506704, 0.62274378, 0.6304205199999999, 0.63809726, 0.6457740000000001, 0.65345074, 0.66112748, 0.66880422, 0.67648096, 0.6841577, 0.69183444, 0.69951118, 0.70718792, 0.7148646599999999, 0.7225414, 0.7302181400000001, 0.73789488, 0.74557162, 0.75324836, 0.7609251, 0.76860184, 0.77627858, 0.78395532, 0.79163206, 0.7993088, 0.80698554, 0.81466228, 0.82233902, 0.83001576, 0.8376925000000001, 0.84536924, 0.85304598, 0.86072272, 0.86839946, 0.8760762, 0.88375294, 0.89142968, 0.89910642, 0.90678316, 0.9144599, 0.9221366400000001, 0.92981338, 0.93749012, 0.94516686, 0.9528436, 0.96052034, 0.96819708, 0.97587382, 0.9835505600000001, 0.9912273, 0.99890404, 1.0065807800000002, 1.0142575200000001, 1.02193426, 1.029611]}}, "Datapoints": 10, "RuleParameters": "min_threshold:70\nmax_threshold:200"}