{"RuleTriggered": 0, "Violations": 96, "Details": {"low_gpu_utilization": 3500, "bottlenecks": {"1645424731.426415": {"GPUs": 1, "CPUs": 1}, "1645424731.926392": {"GPUs": 1, "CPUs": 1}, "1645424732.426403": {"GPUs": 1, "CPUs": 1}, "1645424732.926402": {"GPUs": 1, "CPUs": 1}, "1645424733.426417": {"GPUs": 1, "CPUs": 1}, "1645424733.926418": {"GPUs": 1, "CPUs": 1}, "1645424734.427123": {"GPUs": 1, "CPUs": 1}, "1645424734.926422": {"GPUs": 1, "CPUs": 1}, "1645424735.426394": {"GPUs": 1, "CPUs": 1}, "1645424735.926415": {"GPUs": 1, "CPUs": 1}, "1645424736.426394": {"GPUs": 1, "CPUs": 1}, "1645424736.926402": {"GPUs": 1, "CPUs": 1}, "1645424737.426429": {"GPUs": 1, "CPUs": 1}, "1645424737.926413": {"GPUs": 1, "CPUs": 1}, "1645424738.426428": {"GPUs": 1, "CPUs": 1}, "1645424748.926423": {"GPUs": 1, "CPUs": 1}, "1645424769.926387": {"GPUs": 1, "CPUs": 1}, "1645424770.42642": {"GPUs": 1, "CPUs": 1}, "1645424770.926385": {"GPUs": 1, "CPUs": 1}, "1645424775.426399": {"GPUs": 1, "CPUs": 2}, "1645424775.9264": {"GPUs": 1, "CPUs": 1}, "1645424776.426393": {"GPUs": 1, "CPUs": 1}, "1645424776.926444": {"GPUs": 1, "CPUs": 1}, "1645424777.426515": {"GPUs": 1, "CPUs": 1}, "1645424777.927144": {"GPUs": 1, "CPUs": 1}, "1645424778.426397": {"GPUs": 1, "CPUs": 1}, "1645424778.926408": {"GPUs": 1, "CPUs": 2}, "1645424779.426414": {"GPUs": 1, "CPUs": 1}, "1645424779.926409": {"GPUs": 1, "CPUs": 2}, "1645424780.426396": {"GPUs": 1, "CPUs": 1}, "1645424780.926395": {"GPUs": 1, "CPUs": 1}, "1645424781.426426": {"GPUs": 1, "CPUs": 2}, "1645424781.927041": {"GPUs": 1, "CPUs": 2}, "1645424782.42642": {"GPUs": 1, "CPUs": 2}, "1645424782.926425": {"GPUs": 1, "CPUs": 1}, "1645424783.426412": {"GPUs": 1, "CPUs": 1}, "1645424790.426386": {"GPUs": 1, "CPUs": 1}, "1645424790.926415": {"GPUs": 1, "CPUs": 1}, "1645424791.42642": {"GPUs": 1, "CPUs": 2}, "1645424791.926414": {"GPUs": 1, "CPUs": 2}, "1645424792.42641": {"GPUs": 1, "CPUs": 1}, "1645424792.926389": {"GPUs": 1, "CPUs": 1}, "1645424804.426417": {"GPUs": 1, "CPUs": 1}, "1645424811.926423": {"GPUs": 1, "CPUs": 1}, "1645424812.426414": {"GPUs": 1, "CPUs": 2}, "1645424812.926418": {"GPUs": 1, "CPUs": 2}, "1645424813.426404": {"GPUs": 1, "CPUs": 2}, "1645424813.926405": {"GPUs": 1, "CPUs": 2}, "1645424814.426416": {"GPUs": 1, "CPUs": 2}, "1645424814.926414": {"GPUs": 1, "CPUs": 2}, "1645424815.426397": {"GPUs": 1, "CPUs": 2}, "1645424815.926608": {"GPUs": 1, "CPUs": 2}, "1645424816.427183": {"GPUs": 1, "CPUs": 2}, "1645424816.926403": {"GPUs": 1, "CPUs": 1}, "1645424817.426414": {"GPUs": 1, "CPUs": 1}, "1645424817.926399": {"GPUs": 1, "CPUs": 1}, "1645424818.426404": {"GPUs": 1, "CPUs": 2}, "1645424825.926393": {"GPUs": 1, "CPUs": 1}, "1645424826.426437": {"GPUs": 1, "CPUs": 1}, "1645424831.926403": {"GPUs": 1, "CPUs": 1}, "1645424832.4264": {"GPUs": 1, "CPUs": 1}, "1645424832.926416": {"GPUs": 1, "CPUs": 2}, "1645424833.426424": {"GPUs": 1, "CPUs": 2}, "1645424833.926403": {"GPUs": 1, "CPUs": 2}, "1645424837.926418": {"GPUs": 1, "CPUs": 1}, "1645424838.426394": {"GPUs": 1, "CPUs": 1}, "1645424844.926388": {"GPUs": 1, "CPUs": 1}, "1645424859.426398": {"GPUs": 1, "CPUs": 1}, "1645424859.92643": {"GPUs": 1, "CPUs": 2}, "1645424860.426397": {"GPUs": 1, "CPUs": 2}, "1645424860.926385": {"GPUs": 1, "CPUs": 2}, "1645424861.426433": {"GPUs": 1, "CPUs": 2}, "1645424861.926551": {"GPUs": 1, "CPUs": 2}, "1645424862.426402": {"GPUs": 1, "CPUs": 2}, "1645424862.926557": {"GPUs": 1, "CPUs": 2}, "1645424863.426407": {"GPUs": 1, "CPUs": 2}, "1645424863.926408": {"GPUs": 1, "CPUs": 2}, "1645424864.426847": {"GPUs": 1, "CPUs": 2}, "1645424864.926442": {"GPUs": 1, "CPUs": 2}, "1645424865.426393": {"GPUs": 1, "CPUs": 2}, "1645424865.926403": {"GPUs": 1, "CPUs": 2}, "1645424866.426405": {"GPUs": 1, "CPUs": 2}, "1645424866.926412": {"GPUs": 1, "CPUs": 2}, "1645424867.42641": {"GPUs": 1, "CPUs": 2}, "1645424867.927226": {"GPUs": 1, "CPUs": 2}, "1645424868.426395": {"GPUs": 1, "CPUs": 2}, "1645424868.926402": {"GPUs": 1, "CPUs": 2}, "1645424869.426396": {"GPUs": 1, "CPUs": 1}, "1645424877.926388": {"GPUs": 1, "CPUs": 1}, "1645424878.426432": {"GPUs": 1, "CPUs": 2}, "1645424878.926411": {"GPUs": 1, "CPUs": 2}, "1645424879.426404": {"GPUs": 1, "CPUs": 2}, "1645424879.926419": {"GPUs": 1, "CPUs": 2}, "1645424880.426382": {"GPUs": 1, "CPUs": 1}, "1645424885.426407": {"GPUs": 1, "CPUs": 1}, "1645424890.926403": {"GPUs": 1, "CPUs": 1}}}, "Datapoints": 3532, "RuleParameters": "threshold:50\nio_threshold:50\ngpu_threshold:10\npatience:1000"}