{"RuleTriggered": 0, "Violations": 0, "Details": {"ratio": {"cpu_functions": 100.0}, "phase": {"Step:ModeKeys.TRAIN": 90.94128528397692, "others": -3.1477279254520103, "Step:ModeKeys.EVAL": 12.206442641475082}, "phase_time": {}, "CPU": {"aten::conv2d": 18.310911410849076, "aten::convolution": 18.308615240407036, "aten::_convolution": 18.306846342857487, "aten::mkldnn_convolution": 18.30175345463408, "aten::batch_norm": 8.171539432841, "aten::_batch_norm_impl_index": 8.16849884438708, "aten::native_batch_norm": 8.16511138052448, "enumerate(DataLoader)#_SingleProcessDataLoaderIter.__next__": 2.2667238934997394}, "CPU_total": {"aten::conv2d": 32887018, "aten::convolution": 32882894, "aten::_convolution": 32879717, "aten::mkldnn_convolution": 32870570, "aten::batch_norm": 14676362, "aten::_batch_norm_impl_index": 14670901, "aten::native_batch_norm": 14664817, "enumerate(DataLoader)#_SingleProcessDataLoaderIter.__next__": 4071113}, "general": {"DataLoaderIterInitialize": 0.00015906113838645667, "DataLoaderIter": 0.2903294138222548, "Forward": 99.70951152503936}}, "Datapoints": 0, "RuleParameters": ""}