{"RuleTriggered": 11, "Violations": 141, "Details": {"step_details": {"algo-1-27": {"step_stats": {"mean": 6.120703254385965, "max": 29.007661, "p99": 28.16762538, "p95": 27.144688, "p50": 4.7479095000000004, "min": 3.61994}, "number_of_outliers": 13, "phase": "Step:ModeKeys.TRAIN", "stddev": 5.45, "probs": [1, 0, 0, 0, 0, 5, 13, 15, 22, 42, 58, 43, 12, 1, 0, 0, 0, 0, 0, 0, 0, 0, 0, 0, 0, 0, 0, 0, 0, 0, 0, 0, 0, 0, 0, 0, 1, 0, 0, 0, 0, 0, 0, 0, 0, 0, 0, 0, 0, 0, 0, 0, 0, 0, 0, 0, 0, 0, 0, 0, 0, 0, 0, 0, 0, 0, 0, 0, 0, 0, 0, 0, 0, 0, 0, 0, 0, 0, 0, 0, 0, 0, 0, 0, 0, 0, 0, 0, 0, 0, 0, 0, 0, 0, 0, 0, 0, 0, 0, 2], "binedges": [3.61994, 3.73009302, 3.8402460400000002, 3.95039906, 4.06055208, 4.1707051, 4.28085812, 4.39101114, 4.50116416, 4.61131718, 4.721470200000001, 4.83162322, 4.94177624, 5.0519292600000005, 5.16208228, 5.2722353, 5.3823883200000004, 5.492541340000001, 5.60269436, 5.71284738, 5.8230004, 5.93315342, 6.04330644, 6.1534594600000005, 6.263612480000001, 6.3737655, 6.4839185200000005, 6.59407154, 6.70422456, 6.81437758, 6.924530600000001, 7.034683620000001, 7.14483664, 7.25498966, 7.36514268, 7.4752957, 7.5854487200000005, 7.695601740000001, 7.805754760000001, 7.9159077799999995, 8.0260608, 8.13621382, 8.24636684, 8.35651986, 8.46667288, 8.576825900000001, 8.68697892, 8.79713194, 8.90728496, 9.01743798, 9.127591, 9.237744020000001, 9.347897040000001, 9.45805006, 9.56820308, 9.6783561, 9.78850912, 9.89866214, 10.008815160000001, 10.11896818, 10.2291212, 10.33927422, 10.44942724, 10.55958026, 10.66973328, 10.779886300000001, 10.89003932, 11.00019234, 11.11034536, 11.22049838, 11.3306514, 11.440804420000001, 11.550957440000001, 11.66111046, 11.77126348, 11.8814165, 11.99156952, 12.10172254, 12.21187556, 12.32202858, 12.4321816, 12.54233462, 12.65248764, 12.76264066, 12.872793680000001, 12.9829467, 13.09309972, 13.20325274, 13.31340576, 13.42355878, 13.5337118, 13.64386482, 13.75401784, 13.86417086, 13.97432388, 14.0844769, 14.19462992, 14.30478294, 14.41493596, 14.52508898, 14.635242], "step_numbers": ["1", "1", "2", "3", "3", "4", "5", "6", "6", "7", "8", "8", "9"]}}, "ratio": {}, "phase": {"Step:ModeKeys.EVAL": 100.0}, "phase_time": {}, "general": {"Forward": 100.0}}, "Datapoints": 275, "RuleParameters": "threshold:3\nmode:None\nn_outliers:10\nstddev:3"}